burst_index,start_s,end_s,duration_s,peak_block_power_db_re_1
1,9.500,9.770,0.270,-40.697975
2,29.430,29.760,0.330,-40.727203
3,49.610,49.830,0.220,-40.535137
4,69.580,69.790,0.210,-39.331106
5,89.550,89.760,0.210,-39.952020
6,109.520,109.790,0.270,-38.282329
7,129.540,129.880,0.340,-37.801786
8,149.530,149.740,0.210,-39.384229
9,169.600,169.870,0.270,-39.216103
10,189.630,189.900,0.270,-40.186596
11,209.650,209.930,0.280,-39.631172
12,229.680,229.950,0.270,-38.741189
13,249.610,249.820,0.210,-42.159034
14,269.580,269.850,0.270,-42.993057
15,289.600,289.760,0.160,-42.323019
16,309.610,309.940,0.330,-41.249499
17,329.700,329.970,0.270,-40.927556
18,349.630,349.840,0.210,-41.276245
19,369.690,369.970,0.280,-42.124465
20,389.720,390.000,0.280,-39.179906
21,409.650,409.920,0.270,-37.585411
22,429.680,430.010,0.330,-36.462539
23,449.660,449.880,0.220,-39.151571
24,469.730,469.950,0.220,-39.506700
25,489.700,489.910,0.210,-39.770616
26,509.770,510.040,0.270,-39.572897
27,529.790,530.130,0.340,-39.039560
28,549.780,550.000,0.220,-39.694489
29,569.750,570.020,0.270,-38.746525
30,589.780,590.050,0.270,-39.795267
